"","id"
"1","4fzsfWzRhPawzqhX8Qt9F3"
"2","5uES1C2NgkdrNHiCwf9jRr"
"3","3HWzoMvoF3TQfYg4UPszDq"
"4","6MrILERJLA3Jcq0E9poZsp"
"5","2DnJjbjNTV9Nd5NOa1KGba"
"6","7o9uu2GDtVDr9nsR7ZRN73"
"7","7wCmS9TTVUcIhRalDYFgPy"
"8","4vLYewWIvqHfKtJDk8c8tq"
"9","0G21yYKMZoHa30cYVi1iA8"
"10","2YpeDb67231RjR0MgVLzsG"
"11","1KdwPeY1WRWQGHCmRJTveb"
"12","50iiDJGpAPdr2VTrz999XA"
"13","48EjSdYh8wz2gBxxqzrsLe"
"14","6ScJMrlpiLfZUGtWp4QIVt"
"15","16EMONl2vH3rt9f4ehTG8g"
"16","3mwvKOyMmG77zZRunnxp9E"
"17","6b6IMqP565TbtFFZg9iFf3"
"18","0SiywuOBRcynK0uKGWdCnn"
"19","1TrGdXSgiBm8W68D2K1COG"
"20","3yNVfRQlUPViUh8O2V9SQn"
"21","5u6y4u5EgDv0peILf60H5t"
"22","6o2g1BJvtYQssH84kBYs7y"
"23","1GVnAD8Iz45rux6EC657Yv"
"24","0gSc5Vo4tczXkHb2V208jz"
"25","5HAv1Ckfe50DUjv8ghwTrz"
"26","0MHXrqn909p0LRTPsNsGEi"
"27","6xatfNMI8NkY5XxRHAeiS4"
"28","1CM1wOqD2AIjt2MWd31LV2"
"29","7BY005dacJkbO6EPiOh2wb"
"30","7MF7QAodbGzNYav5ZfIhAY"
"31","7rqaqQurHzR5xHAhdm1gmM"
"32","1LzNfuep1bnAUR9skqdHCK"
"33","4P5KoWXOxwuobLmHXLMobV"
"34","3nFJbZCHP4d9vduKjJLdBL"
"35","2Foc5Q5nqNiosCNqttzHof"
"36","0tVzXGFyNPusa1VkHmYDLd"
"37","2Mr1bGI2E10K7Mt1UJZ6Mw"
"38","3lh3iiiJeiBXHSZw6u0kh6"
"39","6eLL7QTdMWdhhG4i3jHDR9"
"40","1oaaSrDJimABpOdCEbw2DJ"
"41","5PntSbMHC1ud6Vvl8x56qd"
"42","37ZJ0p5Jm13JPevGcx4SkF"
"43","6PUIzlqotEmPuBfjbwYWOB"
"44","4vpeKl0vMGdAXpZiQB2Dtd"
"45","7ixiCZEHWHc8FxaQXQh2P4"
"46","2WRzpLD8qDRrxMXc63E5WJ"
"47","2374M0fQpWi3dLnB54qaLX"
"48","4Km5HrUvYTaSUfiSGPJeQR"
"49","5F1CxsOXX6altKaKlEPuox"
"50","5QTxFnGygVM4jFQiBovmRo"
"51","1MCem6JigI6jgQPMgriKbU"
"52","3BQHpFgAp4l80e1XslIjNI"
"53","4Z80C8NlDd1AO4axf1O3n0"
"54","5N4vVbNotNwWGG8KcCdstR"
"55","4RY96Asd9IefaL3X4LOLZ8"
"56","2TfSHkHiFO4gRztVIkggkE"
"57","6EPRKhUOdiFSQwGBRBbvsZ"
"58","02eD9ymfJOJOhM97HYp5R9"
"59","3XVBdLihbNbxUwZosxcGuJ"
"60","1BwrMGGhPA6GarWIYaFrW8"
"61","5v4GgrXPMghOnBBLmveLac"
"62","3TGRqZ0a2l1LRblBkJoaDx"
"63","0K6yUnIKNsFtfIpTgGtcHm"
"64","61MZN0yyMWSEwrLPUUGfgJ"
"65","2yzPBlE5UXK2sqvnNM9QQ0"
"66","3oAWTk92mZBxKBOKf8mR5v"
"67","2Mb3zpobD0CvJGWv6NpsPy"
"68","5Ohxk2dO5COHF1krpoPigN"
"69","0FWhGmPVxLI6jOVF0wjALa"
"70","3hlksXnvbKogFdPbpO9vel"
"71","58PSYdY0GFg0LFb2PxYk4T"
"72","6MdqqkQ8sSC0WB4i8PyRuQ"
"73","6PNvv1dmDbOWrAYwEcuKBX"
"74","1YrnDTqvcnUKxAIeXyaEmU"
"75","4s6LhHAV5SEsOV0lC2tjvJ"
"76","6xkryXuiZU360Lngd4sx13"
"77","4fQMGlCawbTkH9yPPZ49kP"
"78","32OlwWuMpZ6b0aN2RZOeMS"
"79","1L94M3KIu7QluZe63g64rv"
"80","1YwNlWLf8auhazSQUDQLFU"
"81","5WHY6S6FO0bdRNd8xYxyAG"
"82","1DKyFVzIh1oa1fFnEmTkIl"
"83","3XWgwgbWDI56mf1Wl3cLzb"
"84","4xmeLj3uVcoAwgDtwM4MbG"
"85","701oRFDRzsz3WdhCFOtUJj"
"86","5UWwZ5lm5PKu6eKsHAGxOk"
"87","476V2d6iA2tWXgQboKmTtA"
"88","5EWPGh7jbTNO2wakv8LjUI"
"89","1kCewNSs909Xj1naXr36X8"
"90","6KTv0Z8BmVqM7DPxbGzpVC"
"91","53Za5vyGc1x7GxgJVRjRKc"
"92","0bRXwKfigvpKZUurwqAlEh"
"93","4xh7W7tlNMIczFhupCPniY"
"94","4JRem7xHp2l0kmUvt9zCKu"
"95","0RnCUYXa7jhgTXtiMXF2PQ"
"96","39lSeqnyjZJejRuaREfyLL"
"97","1p50Ir1Hm6Sa1urjaLGi7L"
"98","1v98rfd0an913AzHvMNG8a"
"99","3pRaLNL3b8x5uBOcsgvdqM"
"100","7LVHVU3tWfcxj5aiPFEW4Q"
"101","05ZACkzW8YbRq3eFgIfSNB"
"102","5BIMPccDwShpXq784RJlJp"
"103","1QaJWSCk3UMKLotnPCIHh1"
"104","4XSgaQfGgJ9FDCcvmOe404"
"105","4AwKXevZmsTNa3KZVj3rzl"
"106","0UAJH0k4k3slcE83a9UGCe"
"107","3SnGymj6ijE2iuUfWxLo1q"
"108","58q2HKrzhC3ozto2nDdN4z"
"109","0wXuerDYiBnERgIpbb3JBR"
"110","0IVkP59yJ9GFF6B7IrvrxA"
"111","4oPNN7syJYSjzDhRerF966"
"112","003vvx7Niy0yvhvHt4a68B"
"113","1tuwC1Ob5vnYZhvg3zyzJg"
"114","6h3YJ05BovN1Pgk145J3r9"
"115","7cNRqg0lbiqBaGeOlA4AEU"
"116","5ndGYGQJGv1hbpTKD6gzLZ"
"117","0wwPcA6wtMf6HUMpIRdeP7"
"118","69uJi5QsBtqlYkGURTBli8"
"119","5Wj1rJnCLpMHdLaxsFtJLs"
"120","2OARIMw1hpehr86Iwmv04c"
"121","4alHo6RGd0D3OUbTPExTHN"
"122","2EoOZnxNgtmZaD8uUmz2nD"
"123","7DfFc7a6Rwfi3YQMRbDMau"
"124","7jeOETwLUP84mPQzxlD5nh"
"125","6ui6l3ZNvlrGQZArwo8195"
"126","7x2xjJV3YAPeLQJ7u3Kjet"
"127","5O4erNlJ74PIF6kGol1ZrC"
"128","5UDqWOgDdixYMAgAyNbpgh"
"129","1Pao4DTLMB4gJPTnqmLgSQ"
"130","4N1dFbXmRng8qJ3KdJrbLr"
"131","0Q0IVlqMV64kNLlwjPj0Hl"
"132","0lIoY4ZQsdn5QzhraM9o9u"
"133","1p80LdxRV74UKvL8gnD7ky"
"134","2ccUQnjjNWT0rsNnsBpsCA"
"135","2rBBhFXtuMoGuwYTSDpAdF"
"136","7oOOI85fVQvVnK5ynNMdW7"
"137","1TfqLAPs4K3s2rJMoCokcS"
"138","2qOm7ukLyHUXWyR4ZWLwxA"
"139","2qWKpYIleSvBT6aUMXoia5"
"140","5AJrhrwz4oSZX2PwwV4qrN"
"141","5ZgNecJcN9SSopnmCTlpXs"
"142","6xNwKNYZcvgV3XTIwsgNio"
"143","4saklk6nie3yiGePpBwUoc"
"144","12q3V8ShACq2PSWINMc2rC"
"145","3IOQZRcEkplCXg6LofKqE9"
"146","2yBVeksU2EtrPJbTu4ZslK"
"147","2lDArps4owX3Q6rOIA4Osp"
"148","3G7tRC24Uh09Hmp1KZ7LQ2"
"149","2QSUyofqpGDCo026OPiTBQ"
"150","1Y373MqadDRtclJNdnUXVc"
"151","2goLsvvODILDzeeiT4dAoR"
"152","5dFoWIiJ2814hRwMYDcFiU"
"153","1OE5l6sedVcIFELMuxQOPI"
"154","7MiLmLbwNoyf47xQ4TCVYp"
"155","113v1MA9MTShy98uCz37nO"
"156","6jX5mso4x00c1EiNMrTU9U"
"157","2g8HN35AnVGIk7B8yMucww"
"158","2DEZmgHKAvm41k4J3R2E9Y"
"159","3d9DChrdc6BOeFsbrZ3Is0"
"160","3XG801WWhqC753dekEBkMt"
"161","4yY8JqTOQyi7K4O1QcQtBG"
"162","15BQ7vEDv2LJuh8TxWIhtd"
"163","3utq2FgD1pkmIoaWfjXWAU"
"164","7dblNGnRXEBrVJunazs2U5"
"165","0CETmgFGt8Ne8vLnaLcduU"
"166","6wpGqhRvJGNNXwWlPmkMyO"
"167","3ia3dJETSOllPsv3LJkE35"
"168","4RvWPyQ5RL0ao9LPZeSouE"
"169","5Oc0vLGWdEWeCqIU8zyELt"
"170","2rslQV48gNv3r9pPrQFPW1"
"171","6O5PIO5pAWxdoxvaUFQ02G"
"172","0CLbmkYmQIWiEwnsbOkLpd"
"173","672N8DGGTOLCOgWe0koX5g"
"174","4Dq749x2QP6OXTURJ9GGY8"
"175","4NU6Vnrsh09TdZtIBYBwTA"
"176","40riOy7x9W7GXjyGp4pjAv"
"177","5uvosCdMlFdTXhoazkTI5R"
"178","1k1Bqnv2R0uJXQN4u6LKYt"
"179","2N5zMZX7YeL1tico8oQxa9"
"180","2oZmMp5M6L0Rh7G84Um2tF"
"181","1JSTJqkT5qHq8MDJnJbRE1"
"182","1KGi9sZVMeszgZOWivFpxs"
"183","6mFkJmJqdDVQ1REhVfGgd1"
"184","6UBjSnyP1O5W5ndJoO9vUk"
"185","2Q5wSOwq6BDSu7sSVMNrtT"
"186","3sLhMSePzxSrmxluIqeoAZ"
"187","3R2q3FCnNIw2XhuEbYtYk6"
"188","2Gy7qnDwt8Z3MNxqat4CsK"
"189","0XyjtybwqSdqMAFfBEkmZf"
"190","0cJPLFrlV7TTCyPLupHzcH"
"191","3cw3Z7mS55gd3NUjh4k0bL"
"192","5Z8EDau8uNcP1E8JvmfkZe"
"193","3Ti0GdlrotgwsAVBBugv0I"
"194","18AXbzPzBS8Y3AkgSxzJPb"
"195","5rb9QrpfcKFHM1EUbSIurX"
"196","1Vp8U39YNsDfd6yVuaUq12"
"197","2SiXAy7TuUkycRVbbWDEpo"
"198","0GjEhVFGZW8afUYGChu3Rr"
"199","7H6ev70Weq6DdpZyyTmUXk"
"200","2L93TdW2GMue1H2zlkt30F"
"201","47mA6f44zxLtdATOoY7GjN"
"202","1qQSRy9DjrGh3jtsSCU6B1"
"203","3XrvEifl0hIzgBGUa5jBLS"
"204","1h04XMpzGzmAudoI6VHBgA"
"205","63OQupATfueTdZMWTxW03A"
"206","2EISedV2npKMtvygkykV2r"
"207","760clbeDBWmBsBLbszWuNZ"
"208","5YUJMvTg4AWHKjqQidTsGK"
"209","6SMHgPgNkhe9lneNTbgtel"
"210","3gsCAGsWr6pUm1Vy7CPPob"
"211","43DeSV93pJPT4lCZaWZ6b1"
"212","78ZqE2tjAxbqEGGlvGnQfT"
"213","2oDqmfa2g8W893LlwJG1qu"
"214","2qhASBzpbFhPRtrnZ5lLnz"
"215","2ZNTPtYmAhN9vCwnAgqKn1"
"216","124NFj84ppZ5pAxTuVQYCQ"
"217","170DNUSnQRp1tGpppF26pA"
"218","1l2Xmg54EUr3TDzNIaCr1z"
"219","3g3xDtGtU0asKw6iYCYiG5"
"220","7zrPswSV1yxrill5OyCuaU"
"221","25ugoarRZ6IaZegrjNxGOx"
"222","1Q1b8eVkUPGlpSArl8JAVw"
"223","7kjg2NCn3Zx70m1DFHSSGO"
"224","3VgrSJEKBRT3xmwzpaxxEF"
"225","54bm2e3tk8cliUz3VSdCPZ"
"226","3mM14WXoPaLRjjkmxHe99L"
"227","52FlwUMMDnTK8TGkCag9Jd"
"228","2uRVPeQbsEpRQD0DKr1WTo"
"229","1v1PV2wERHiMPesMWX0qmO"
"230","7cv28LXcjAC3GsXbUvXKbX"
"231","0wJoRiX5K5BxlqZTolB2LD"
"232","7pu8AhGUxHZSCWTkQ2eb5M"
"233","6KIKRz9eSTXdNsGUnomdtW"
"234","0DAmSYQW9kq9gQNDI002KP"
"235","4lJ6YVXQ0jUk5ILu0PSrA4"
"236","0Puj4YlTm6xNzDDADXHMI9"
"237","5GjPQ0eI7AgmOnADn1EO6Q"
"238","5UvE5QlINnvEc7aFO14DVL"
"239","3OcQkcvTcohs8vO8Rd3sKF"
"240","47BBI51FKFwOMlIiX6m8ya"
"241","1sSuFkO3m3Cr6YN24NYol5"
"242","13Oi7vfd9mrujcEmGAYAPe"
"243","3M8FzayQWtkvOhqMn2V4T2"
"244","6hHc7Pks7wtBIW8Z6A0iFq"
"245","4a01ClusxuZiloOK5UgLUn"
"246","2He3NOyqtLNE3RQPpeDdSb"
"247","4u9f8hqstB7iITDJNzKhQx"
"248","2tUBqZG2AbRi7Q0BIrVrEj"
"249","2HCaIYjkvWSZzaSKUoOh3d"
"250","3ZjrfGcb3A2PMGA1vRNgSk"
"251","5R9a4t5t5O0IsznsrKPVro"
"252","4BP3uh0hFLFRb5cjsgLqDh"
"253","0WQiDwKJclirSYG9v5tayI"
"254","1pjATX7sbd6Y4jMVqIvzHk"
"255","2kkvB3RNRzwjFdGhaUA0tz"
"256","3UmaczJpikHgJFyBTAJVoz"
"257","2PuUFT13yCzUOZun94WOXv"
"258","44BmNSqH9uZV5OfIjGcER3"
"259","6wVViUl2xSRoDK2T7dMZbR"
"260","5tVA6TkbaAH9QMITTQRrNv"
"261","4NRQwaks9r58tTDvr4iEyv"
"262","2id8E4WvczfKHB4LHI7Np3"
"263","4gphxUgq0JSFv2BCLhNDiE"
"264","33ZXjLCpiINn8eQIDYEPTD"
"265","7Hx2EA4wGaxtsiZCVVLV1i"
"266","63T7DJ1AFDD6Bn8VzG6JE8"
"267","1QEEqeFIZktqIpPI4jSVSF"
"268","6ADSaE87h8Y3lccZlBJdXH"
"269","4gvea7UlDkAvsJBPZAd4oB"
"270","49t1GWE6ZiEoBgN92oMDdM"
"271","59WN2psjkt1tyaxjspN8fp"
"272","6V9VCm1zOY2lGR80RehJ9i"
"273","3MjUtNVVq3C8Fn0MP3zhXa"
"274","7uPmQttafLiJyju14JREY4"
"275","2eF8pWbiivYsYRpbntYsnc"
"276","38zsOOcu31XbbYj9BIPUF1"
"277","6YffUZJ2R06kyxyK6onezL"
"278","0LrwgdLsFaWh9VXIjBRe8t"
"279","5MxNLUsfh7uzROypsoO5qe"
"280","3VZmChrnVW8JK6ano4gSED"
"281","0CcL4kSHKIEwF3IW0BGgb6"
"282","6hpmTwgNCz81H2bFEREx29"
"283","3zpj9dvJABiyMrmLCPw6i8"
"284","3m2Zd230K68bC4Qe961d9p"
"285","52dm9op3rbfAkc1LGXgipW"
"286","63BokRfXSQhEU6Qi2dSJpZ"
"287","4FdDorlbJTVHcH3djLbIfn"
"288","5n8Aro6j1bEGIy7Tpo7FV7"
"289","72Z17vmmeQKAg8bptWvpVG"
"290","1Eolhana7nKHYpcYpdVcT5"
"291","6k9DUKMJpWvu6eFG3O64Lg"
"292","5YLnfy7R2kueN0BRPkjiEG"
"293","1OOtq8tRnDM8kG2gqUPjAj"
"294","3nvuPQTw2zuFAVuLsC9IYQ"
"295","0n2pjCIMKwHSXoYfEbYMfX"
"296","2YplrdHMBoRdnHgMeHEwHm"
"297","2BGNomqCxEDcXyxf8bg27k"
"298","5p3JunprHCxClJjOmcLV8G"
"299","5HNCy40Ni5BZJFw1TKzRsC"
"300","2Fxmhks0bxGSBdJ92vM42m"
"301","7N3PAbqfTjSEU1edb2tY8j"
"302","29SyMC0plk6qw8NMF7lfRL"
"303","3YdKJzcoMZMacISlpY4QoP"
"304","46dGFTD918NMz1IP1rPJXO"
"305","7Me0vOSlJfaPY7Pc4GeItd"
"306","29U7stRjqHU6rMiS8BfaI9"
"307","0GVvRmCoiLkhxJvlZy9bLk"
"308","7MRyJPksH3G2cXHN8UKYzP"
"309","7odHgoLFi3GQ90E9PeraI3"
"310","5Z01UMMf7V1o0MzF86s6WJ"
"311","0WNGPpmWqzPnk0psUhJ3SX"
"312","4tj7IsJrn4MvesuhoY0JBy"
"313","3RkQ3UwOyPqpIiIvGVewuU"
"314","5ihS6UUlyQAfmp48eSkxuQ"
"315","4KROoGIaPaR1pBHPnR3bwC"
"316","2m0M7YqCy4lXfedh18qd8N"
"317","6G0NzOx2jEPFsSmhr9N8Ys"
"318","3qiyyUfYe7CRYLucrPmulD"
"319","0WSlOSMLJWoWUpWci9nnRb"
"320","0WIbzDVEpmOyBnqqdtqIL9"
"321","0iA3xXSkSCiJywKyo1UKjQ"
"322","3SUusuA9jH1v6PVwtYMbdv"
"323","7j02rdE5RVtNcNMuLGY5SS"
"324","2dCmGcEOQrMQhMMS8Vj7Ca"
"325","2EZc13S7YRi6bTS3SKteRN"
"326","0bwy3sGHeYwng2Ioicq6wf"
"327","6L89mwZXSOwYl76YXfX13s"
"328","3gdewACMIVMEWVbyb8O9sY"
"329","6Vjk8MNXpQpi0F4BefdTyq"
"330","06PdA0DLgF4BfAeUNZAbFG"
"331","1oht5GevPN9t1T3kG1m1GO"
"332","0I3q5fE6wg7LIfHGngUTnV"
"333","1uBsu3PbD2909UBIfEMLvK"
"334","5jzma6gCzYtKB1DbEwFZKH"
"335","1q0wCfrE9eGFMzS2g8aVnx"
"336","6rovOdp3HgK1DeAMYDzoA7"
"337","423hwXFgoN8RYmqLoLuVvY"
"338","27QvYgBk0CHOVHthWnkuWt"
"339","0a4agFmqHXxcZl1nho1BxM"
"340","6ocbgoVGwYJhOv1GgI9NsF"
"341","36AlMHDBFwSsD3FQOy1R81"
"342","6nEkxYIEnrbYH7h1hJ8Xn6"
"343","3Be7CLdHZpyzsVijme39cW"
"344","4bHsxqR3GMrXTxEPLuK5ue"
"345","0SwuCcwpFM6x4cu5zOvmi0"
"346","3SdTKo2uVsxFblQjpScoHy"
"347","6rLqjzGV5VMLDWEnuUqi8q"
"348","2aSC2xhRxOLiiZZVjhbylH"
"349","0hCB0YR03f6AmQaHbwWDe8"
"350","6qspW4YKycviDFjHBOaqUY"
"351","3tyTt5pEWblt96j1HsXiV5"
"352","3LoDeIbiR12sAznmpNEmKA"
"353","50RwvvEKX5Q7AZt8FTAwIF"
"354","6aBUnkXuCEQQHAlTokv9or"
"355","6AeG6jSoAVbmUFO6LyYmBf"
"356","7iN1s7xHE4ifF5povM6A48"
"357","7weMJXfu8leOPWd4COj2Qp"
"358","1tqT6DhmsrtQgyCKUwotiw"
"359","70LcF31zb1H0PyJoS1Sx1r"
"360","3NfxSdJnVdon1axzloJgba"
"361","0gFB5H3pHN13ERt2FyMuWi"
"362","4Hhv2vrOTy89HFRcjU3QOx"
"363","6I9VzXrHxO9rA9A5euc8Ak"
"364","0dMd4rilfd6gPbXaLpNYhu"
"365","31AOj9sFz2gM0O3hMARRBx"
"366","56lhDZNQ5J47aog6mGKeGk"
"367","0pNeVovbiZHkulpGeOx1Gj"
"368","4ZVZBc5xvMyV3WzWktn8i7"
"369","76GlO5H5RT6g7y0gev86Nk"
"370","119c93MHjrDLJTApCVGpvx"
"371","1Ud6moTC0KyXMq1Oxfien0"
"372","3ZE3wv8V3w2T2f7nOCjV0N"
"373","5LxvwujISqiB8vpRYv887S"
"374","3jS7bB0oXVOwGFZn3aE5NV"
"375","3SQhmctWreNM0X6Zkm2K5R"
"376","7sKDftgGirHWTVFMtJoDoh"
"377","18GiV1BaXzPVYpp9rmOg0E"
"378","5ubvP9oKmxLUVq506fgLhk"
"379","3KfbEIOC7YIv90FIfNSZpo"
"380","272Z4tzaSMMcgrZ0R494S2"
"381","7sLpSWxQazJzDVG6YGzlVs"
"382","7ygpwy2qP3NbrxVkHvUhXY"
"383","4eHbdreAnSOrDDsFfc4Fpm"
"384","3xrn9i8zhNZsTtcoWgQEAd"
"385","0GvWnt7XpoHAa72mvax2Uz"
"386","4ns1XFP3W5JPyzvnAjMdHD"
"387","5K09WxKdlkroDyEVyOSySy"
"388","0aym2LBJBk9DAYuHHutrIl"
"389","7snQQk1zcKl8gZ92AnueZW"
"390","2Ud3deeqLAG988pfW0Kwcl"
"391","4hq0S6wznq7SHDyMOFXL9i"
"392","62LJFaYihsdVrrkgUOJC05"
"393","63xdwScd1Ai1GigAwQxE8y"
"394","4n1ZGm3TxYmoYe1YR8cMus"
"395","1c8gk2PeTE04A1pIDH9YMk"
"396","3fElupNRLRJ0tbUDahPrAb"
"397","5yQ9iMZXGcr5rlO4hoLsP4"
"398","3FAclTFfvUuQYnEsptbK8w"
"399","6Pkj4nv5K53i64cLVgkVyY"
"400","5E5HYgxGMp3BPakHGfKfIB"
"401","7hxZF4jETnE5Q75rKQnMjE"
"402","2fXKyAyPrEa24c6PJyqznF"
"403","7yzbimr8WVyAtBX3Eg6UL9"
"404","6g0Orsxv6glTJCt4cHsRsQ"
"405","3BQHpFgAp4l80e1XslIjNI"
"406","2M9ro2krNb7nr7HSprkEgo"
"407","1H5IfYyIIAlgDX8zguUzns"
"408","1q3RiD1tIWUpGsNFADMlvl"
"409","4N3stlRuz5cBNI4J4vDJ18"
"410","6Vcwr9tb3ZLO63F8DL8cqu"
"411","6QhXQOpyYvbpdbyjgAqKdY"
"412","2grjqo0Frpf2okIBiifQKs"
"413","4KcH1ZRV2W1q7Flq0QqC76"
"414","2SpEHTbUuebeLkgs9QB7Ue"
"415","3G69vJMWsX6ZohTykad2AU"
"416","5CQ30WqJwcep0pYcV4AMNc"
"417","29d0nY7TzCoi22XBqDQkiP"
"418","5DuTNKFEjJIySAyJH1yNDU"
"419","0P7DoyGrr4Wp9w5TotEtUC"
"420","4f3u4Oy0JqJRIhMmTqRcxj"
"421","3jagJCUbdqhDSPuxP8cAqF"
"422","1z3ugFmUKoCzGsI6jdY4Ci"
"423","6QyQmdvQ1ywNccYa0pwLNQ"
"424","5t9KYe0Fhd5cW6UYT4qP8f"
"425","7B7lf3sIze5VR2WuYttn18"
"426","3xsOtNxtBW0oTI1OWKAzTm"
"427","6jEZLz3YpnEBRpVkv35AmP"
"428","0uEp9E98JB5awlA084uaIg"
"429","1W5XugQJGhnSATMI5n002M"
"430","2TVxnKdb3tqe1nhQWwwZCO"
"431","1ixbwbeBi5ufN4noUKmW5a"
"432","3iVcZ5G6tvkXZkZKlMpIUs"
"433","5ChkMS8OtdzJeqyybCc9R5"
"434","745H5CctFr12Mo7cqa1BMH"
"435","26PwuMotZqcczKLHi4Htz3"
"436","34iOH7LY3vme5rQxsVILZ4"
"437","2aoo2jlRnM3A0NyLQqMN2f"
"438","5z7mYFfhw6N6f23VwrokJD"
"439","3zBhihYUHBmGd2bcQIobrF"
"440","51H2y6YrNNXcy3dfc3qSbA"
"441","3dPQuX8Gs42Y7b454ybpMR"
"442","2iXcvnD3d1gfLBum0cE5Eg"
"443","5VnpYqIzm02X9gOhVElQo3"
"444","2QfiRTz5Yc8DdShCxG1tB2"
"445","5ByAIlEEnxYdvpnezg7HTX"
"446","2PzU4IB8Dr6mxV3lHuaG34"
"447","2dLLR6qlu5UJ5gk0dKz0h3"
"448","4YtoipFgf4k0AfD17ZfD5X"
"449","38Ngied9rBORlAbLYNCl4k"
"450","6hTcuIQa0sxrrByu9wTD7s"
"451","7shVwhUdVbHpykOfbzvDc1"
"452","3DK6m7It6Pw857FcQftMds"
"453","0hKRSZhUGEhKU6aNSPBACZ"
"454","7Jh1bpe76CNTCgdgAdBw4Z"
"455","2G2YzndIA6jeWFPBXhUjh5"
"456","1CTex49P0iWwzUGsMNjgaV"
"457","7g13jf3zqlP5S68Voo5v9m"
"458","7pKfPomDEeI4TPT6EOYjn9"
"459","54X78diSLoUDI3joC2bjMz"
"460","7tFiyTwD0nx5a1eklYtX2J"
"461","5IVuqXILoxVWvWEPm82Jxr"
"462","4pbG9SUmWIvsROVLF0zF9s"
"463","5nrmGFJ87crVoJF5xdRqwn"
"464","6H3kDe7CGoWYBabAeVWGiD"
"465","4N0TP4Rmj6QQezWV88ARNJ"
"466","6iGU74CwXuT4XVepjc9Emf"
"467","2PpruBYCo4H7WOBJ7Q2EwM"
"468","0ofHAoxe9vBkTCp2UQIavz"
"469","6zsk6uF3MxfIeHPlubKBvR"
"470","3Am0IbOxmvlSXro7N5iSfZ"
"471","3Um9toULmYFGCpvaIPFw7l"
"472","5ghIJDpPoe3CfHMGu71E6T"
"473","3AhXZa8sUQht0UEdBJgpGc"
"474","0KOE1hat4SIer491XKk4Pa"
"475","1yo16b3u0lptm6Cs7lx4AD"
"476","7s25THrKz86DM225dOYwnr"
